,epoch,score_threshold,person_instances,cyclist_instances,cars_instances,map_person,map_cyclist,map_cars,weighted_map,map,false_positives,true_positives,recall,precision
0,15,0.3,755,15,1088,0.07057553559023105,0.0,0.10613625631815773,0.09082926600903125,0.058903930636129594,"0    [0.0, 1.0, 1.0, 2.0, 2.0, 2.0, 2.0, 2.0, 2.0, ...
1                                                   []
2    [0.0, 0.0, 0.0, 0.0, 0.0, 0.0, 1.0, 1.0, 1.0, ...
dtype: object","0    [1.0, 1.0, 2.0, 2.0, 3.0, 4.0, 5.0, 6.0, 7.0, ...
1                                                   []
2    [1.0, 2.0, 3.0, 4.0, 5.0, 6.0, 6.0, 7.0, 8.0, ...
dtype: object","0    [0.0013245033112582781, 0.0013245033112582781,...
1                                                   []
2    [0.0009191176470588235, 0.001838235294117647, ...
dtype: object","0    [1.0, 0.5, 0.6666666666666666, 0.5, 0.6, 0.666...
1                                                   []
2    [1.0, 1.0, 1.0, 1.0, 1.0, 1.0, 0.8571428571428...
dtype: object"
1,19,0.3,755,15,1088,0.06442702000705897,0.0,0.10902411119287309,0.09002186925897494,0.05781704373331068,"0    [0.0, 1.0, 1.0, 1.0, 2.0, 2.0, 2.0, 2.0, 2.0, ...
1                                                   []
2    [1.0, 1.0, 1.0, 1.0, 1.0, 1.0, 1.0, 1.0, 1.0, ...
dtype: object","0    [1.0, 1.0, 2.0, 3.0, 3.0, 4.0, 5.0, 6.0, 7.0, ...
1                                                   []
2    [0.0, 1.0, 2.0, 3.0, 4.0, 5.0, 6.0, 7.0, 8.0, ...
dtype: object","0    [0.0013245033112582781, 0.0013245033112582781,...
1                                                   []
2    [0.0, 0.0009191176470588235, 0.001838235294117...
dtype: object","0    [1.0, 0.5, 0.6666666666666666, 0.75, 0.6, 0.66...
1                                                   []
2    [0.0, 0.5, 0.6666666666666666, 0.75, 0.8, 0.83...
dtype: object"
2,55,0.3,755,15,1088,0.05549923271741171,0.0,0.10998993671558266,0.08695961886340138,0.055163056477664785,"0    [0.0, 1.0, 1.0, 2.0, 2.0, 2.0, 2.0, 2.0, 2.0, ...
1                                                   []
2    [0.0, 0.0, 1.0, 1.0, 1.0, 1.0, 1.0, 1.0, 1.0, ...
dtype: object","0    [1.0, 1.0, 2.0, 2.0, 3.0, 4.0, 5.0, 6.0, 7.0, ...
1                                                   []
2    [1.0, 2.0, 2.0, 3.0, 4.0, 5.0, 6.0, 7.0, 8.0, ...
dtype: object","0    [0.0013245033112582781, 0.0013245033112582781,...
1                                                   []
2    [0.0009191176470588235, 0.001838235294117647, ...
dtype: object","0    [1.0, 0.5, 0.6666666666666666, 0.5, 0.6, 0.666...
1                                                   []
2    [1.0, 1.0, 0.6666666666666666, 0.75, 0.8, 0.83...
dtype: object"
3,51,0.3,755,15,1088,0.05385726363252078,0.0,0.09777524937266645,0.07913977683531447,0.05054417100172908,"0    [0.0, 0.0, 0.0, 0.0, 0.0, 1.0, 2.0, 2.0, 2.0, ...
1                                                   []
2    [0.0, 0.0, 0.0, 0.0, 0.0, 0.0, 0.0, 0.0, 0.0, ...
dtype: object","0    [1.0, 2.0, 3.0, 4.0, 5.0, 5.0, 5.0, 6.0, 7.0, ...
1                                                   []
2    [1.0, 2.0, 3.0, 4.0, 5.0, 6.0, 7.0, 8.0, 9.0, ...
dtype: object","0    [0.0013245033112582781, 0.0026490066225165563,...
1                                                   []
2    [0.0009191176470588235, 0.001838235294117647, ...
dtype: object","0    [1.0, 1.0, 1.0, 1.0, 1.0, 0.8333333333333334, ...
1                                                   []
2    [1.0, 1.0, 1.0, 1.0, 1.0, 1.0, 1.0, 1.0, 1.0, ...
dtype: object"
4,10,0.3,755,15,1088,0.08651485984230003,0.0,0.10055045929414141,0.09403531694992592,0.062355106378813814,"0    [0.0, 0.0, 1.0, 2.0, 2.0, 2.0, 2.0, 2.0, 2.0, ...
1                                                   []
2    [0.0, 0.0, 0.0, 1.0, 1.0, 1.0, 1.0, 1.0, 1.0, ...
dtype: object","0    [1.0, 2.0, 2.0, 2.0, 3.0, 4.0, 5.0, 6.0, 7.0, ...
1                                                   []
2    [1.0, 2.0, 3.0, 3.0, 4.0, 5.0, 6.0, 7.0, 8.0, ...
dtype: object","0    [0.0013245033112582781, 0.0026490066225165563,...
1                                                   []
2    [0.0009191176470588235, 0.001838235294117647, ...
dtype: object","0    [1.0, 1.0, 0.6666666666666666, 0.5, 0.6, 0.666...
1                                                   []
2    [1.0, 1.0, 1.0, 0.75, 0.8, 0.8333333333333334,...
dtype: object"
5,31,0.3,755,15,1088,0.059616247500106946,0.0,0.11130135225062404,0.08940050490379962,0.05697253325024366,"0    [0.0, 1.0, 1.0, 1.0, 2.0, 3.0, 3.0, 3.0, 3.0, ...
1                                                   []
2    [0.0, 0.0, 0.0, 0.0, 0.0, 0.0, 1.0, 1.0, 1.0, ...
dtype: object","0    [1.0, 1.0, 2.0, 3.0, 3.0, 3.0, 4.0, 5.0, 6.0, ...
1                                                   []
2    [1.0, 2.0, 3.0, 4.0, 5.0, 6.0, 6.0, 7.0, 8.0, ...
dtype: object","0    [0.0013245033112582781, 0.0013245033112582781,...
1                                                   []
2    [0.0009191176470588235, 0.001838235294117647, ...
dtype: object","0    [1.0, 0.5, 0.6666666666666666, 0.75, 0.6, 0.5,...
1                                                   []
2    [1.0, 1.0, 1.0, 1.0, 1.0, 1.0, 0.8571428571428...
dtype: object"
6,11,0.3,755,15,1088,0.05184774362357768,0.0,0.09131362009864037,0.07453943224064687,0.04772045457407268,"0    [0.0, 0.0, 1.0, 1.0, 2.0, 2.0, 3.0, 3.0, 3.0, ...
1                                                   []
2    [0.0, 0.0, 0.0, 1.0, 1.0, 1.0, 1.0, 1.0, 1.0, ...
dtype: object","0    [1.0, 2.0, 2.0, 3.0, 3.0, 4.0, 4.0, 5.0, 6.0, ...
1                                                   []
2    [1.0, 2.0, 3.0, 3.0, 4.0, 5.0, 6.0, 7.0, 8.0, ...
dtype: object","0    [0.0013245033112582781, 0.0026490066225165563,...
1                                                   []
2    [0.0009191176470588235, 0.001838235294117647, ...
dtype: object","0    [1.0, 1.0, 0.6666666666666666, 0.75, 0.6, 0.66...
1                                                   []
2    [1.0, 1.0, 1.0, 0.75, 0.8, 0.8333333333333334,...
dtype: object"
7,62,0.3,755,15,1088,0.04776606683251754,0.0,0.11124766732241312,0.08455373654754372,0.05300457805164355,"0    [0.0, 1.0, 1.0, 1.0, 1.0, 1.0, 1.0, 1.0, 1.0, ...
1                                                   []
2    [0.0, 0.0, 0.0, 0.0, 0.0, 0.0, 0.0, 0.0, 0.0, ...
dtype: object","0    [1.0, 1.0, 2.0, 3.0, 4.0, 5.0, 6.0, 7.0, 8.0, ...
1                                                   []
2    [1.0, 2.0, 3.0, 4.0, 5.0, 6.0, 7.0, 8.0, 9.0, ...
dtype: object","0    [0.0013245033112582781, 0.0013245033112582781,...
1                                                   []
2    [0.0009191176470588235, 0.001838235294117647, ...
dtype: object","0    [1.0, 0.5, 0.6666666666666666, 0.75, 0.8, 0.83...
1                                                   []
2    [1.0, 1.0, 1.0, 1.0, 1.0, 1.0, 1.0, 1.0, 1.0, ...
dtype: object"
8,32,0.3,755,15,1088,0.06833487588662569,0.0,0.12498257408460242,0.10095472115094178,0.06443914999040938,"0    [1.0, 1.0, 1.0, 2.0, 2.0, 2.0, 2.0, 3.0, 3.0, ...
1                                                   []
2    [0.0, 0.0, 0.0, 0.0, 1.0, 1.0, 1.0, 1.0, 1.0, ...
dtype: object","0    [0.0, 1.0, 2.0, 2.0, 3.0, 4.0, 5.0, 5.0, 6.0, ...
1                                                   []
2    [1.0, 2.0, 3.0, 4.0, 4.0, 5.0, 6.0, 7.0, 8.0, ...
dtype: object","0    [0.0, 0.0013245033112582781, 0.002649006622516...
1                                                   []
2    [0.0009191176470588235, 0.001838235294117647, ...
dtype: object","0    [0.0, 0.5, 0.6666666666666666, 0.5, 0.6, 0.666...
1                                                   []
2    [1.0, 1.0, 1.0, 1.0, 0.8, 0.8333333333333334, ...
dtype: object"
9,58,0.3,755,15,1088,0.05971680730613117,0.0,0.12190673173668673,0.0956516219836621,0.060541179680939305,"0    [0.0, 0.0, 0.0, 0.0, 1.0, 2.0, 3.0, 3.0, 3.0, ...
1                                                   []
2    [0.0, 0.0, 0.0, 0.0, 0.0, 0.0, 0.0, 0.0, 0.0, ...
dtype: object","0    [1.0, 2.0, 3.0, 4.0, 4.0, 4.0, 4.0, 5.0, 6.0, ...
1                                                   []
2    [1.0, 2.0, 3.0, 4.0, 5.0, 6.0, 7.0, 8.0, 9.0, ...
dtype: object","0    [0.0013245033112582781, 0.0026490066225165563,...
1                                                   []
2    [0.0009191176470588235, 0.001838235294117647, ...
dtype: object","0    [1.0, 1.0, 1.0, 1.0, 0.8, 0.6666666666666666, ...
1                                                   []
2    [1.0, 1.0, 1.0, 1.0, 1.0, 1.0, 1.0, 1.0, 1.0, ...
dtype: object"
10,52,0.3,755,15,1088,0.05719671256868187,0.0,0.11371134984185542,0.08982856115031944,0.056969354136845764,"0    [0.0, 0.0, 0.0, 1.0, 2.0, 2.0, 2.0, 2.0, 2.0, ...
1                                                   []
2    [0.0, 0.0, 0.0, 0.0, 0.0, 0.0, 0.0, 0.0, 0.0, ...
dtype: object","0    [1.0, 2.0, 3.0, 3.0, 3.0, 4.0, 5.0, 6.0, 7.0, ...
1                                                   []
2    [1.0, 2.0, 3.0, 4.0, 5.0, 6.0, 7.0, 8.0, 9.0, ...
dtype: object","0    [0.0013245033112582781, 0.0026490066225165563,...
1                                                   []
2    [0.0009191176470588235, 0.001838235294117647, ...
dtype: object","0    [1.0, 1.0, 1.0, 0.75, 0.6, 0.6666666666666666,...
1                                                   []
2    [1.0, 1.0, 1.0, 1.0, 1.0, 1.0, 1.0, 1.0, 1.0, ...
dtype: object"
11,21,0.3,755,15,1088,0.05481669475128136,0.0,0.12399494725054927,0.09488326541755385,0.05960388066727688,"0    [0.0, 0.0, 1.0, 2.0, 3.0, 3.0, 3.0, 3.0, 3.0, ...
1                                                   []
2    [0.0, 0.0, 0.0, 0.0, 1.0, 1.0, 1.0, 1.0, 1.0, ...
dtype: object","0    [1.0, 2.0, 2.0, 2.0, 2.0, 3.0, 4.0, 5.0, 6.0, ...
1                                                   []
2    [1.0, 2.0, 3.0, 4.0, 4.0, 5.0, 6.0, 7.0, 8.0, ...
dtype: object","0    [0.0013245033112582781, 0.0026490066225165563,...
1                                                   []
2    [0.0009191176470588235, 0.001838235294117647, ...
dtype: object","0    [1.0, 1.0, 0.6666666666666666, 0.5, 0.4, 0.5, ...
1                                                   []
2    [1.0, 1.0, 1.0, 1.0, 0.8, 0.8333333333333334, ...
dtype: object"
12,29,0.3,755,15,1088,0.0430716513821508,0.0,0.10604072279443608,0.07959709536806797,0.04970412472552896,"0    [0.0, 1.0, 1.0, 1.0, 2.0, 3.0, 3.0, 3.0, 3.0, ...
1                                                   []
2    [0.0, 0.0, 0.0, 0.0, 0.0, 0.0, 0.0, 0.0, 0.0, ...
dtype: object","0    [1.0, 1.0, 2.0, 3.0, 3.0, 3.0, 4.0, 5.0, 6.0, ...
1                                                   []
2    [1.0, 2.0, 3.0, 4.0, 5.0, 6.0, 7.0, 8.0, 9.0, ...
dtype: object","0    [0.0013245033112582781, 0.0013245033112582781,...
1                                                   []
2    [0.0009191176470588235, 0.001838235294117647, ...
dtype: object","0    [1.0, 0.5, 0.6666666666666666, 0.75, 0.6, 0.5,...
1                                                   []
2    [1.0, 1.0, 1.0, 1.0, 1.0, 1.0, 1.0, 1.0, 1.0, ...
dtype: object"
13,68,0.3,755,15,1088,0.0568970414570577,0.0,0.12299603024755171,0.09514367449376471,0.05996435723486981,"0    [1.0, 1.0, 1.0, 1.0, 2.0, 2.0, 2.0, 2.0, 3.0, ...
1                                                   []
2    [0.0, 0.0, 1.0, 1.0, 2.0, 2.0, 2.0, 3.0, 3.0, ...
dtype: object","0    [0.0, 1.0, 2.0, 3.0, 3.0, 4.0, 5.0, 6.0, 6.0, ...
1                                                   []
2    [1.0, 2.0, 2.0, 3.0, 3.0, 4.0, 5.0, 5.0, 6.0, ...
dtype: object","0    [0.0, 0.0013245033112582781, 0.002649006622516...
1                                                   []
2    [0.0009191176470588235, 0.001838235294117647, ...
dtype: object","0    [0.0, 0.5, 0.6666666666666666, 0.75, 0.6, 0.66...
1                                                   []
2    [1.0, 1.0, 0.6666666666666666, 0.75, 0.6, 0.66...
dtype: object"
14,26,0.3,755,15,1088,0.050398745618749505,0.0,0.10167508830692057,0.08001805652318916,0.05069127797522336,"0    [0.0, 1.0, 2.0, 2.0, 3.0, 3.0, 3.0, 4.0, 4.0, ...
1                                                   []
2    [0.0, 0.0, 0.0, 0.0, 0.0, 0.0, 1.0, 1.0, 1.0, ...
dtype: object","0    [1.0, 1.0, 1.0, 2.0, 2.0, 3.0, 4.0, 4.0, 5.0, ...
1                                                   []
2    [1.0, 2.0, 3.0, 4.0, 5.0, 6.0, 6.0, 7.0, 8.0, ...
dtype: object","0    [0.0013245033112582781, 0.0013245033112582781,...
1                                                   []
2    [0.0009191176470588235, 0.001838235294117647, ...
dtype: object","0    [1.0, 0.5, 0.3333333333333333, 0.5, 0.4, 0.5, ...
1                                                   []
2    [1.0, 1.0, 1.0, 1.0, 1.0, 1.0, 0.8571428571428...
dtype: object"
15,5,0.3,755,15,1088,0.10162507143230416,0.0,0.09772548136692016,0.0985211262963395,0.0664501842664081,"0    [0.0, 0.0, 0.0, 0.0, 1.0, 2.0, 2.0, 2.0, 2.0, ...
1                                                [1.0]
2    [0.0, 0.0, 0.0, 1.0, 1.0, 2.0, 2.0, 2.0, 2.0, ...
dtype: object","0    [1.0, 2.0, 3.0, 4.0, 4.0, 4.0, 5.0, 6.0, 7.0, ...
1                                                [0.0]
2    [1.0, 2.0, 3.0, 3.0, 4.0, 4.0, 5.0, 6.0, 7.0, ...
dtype: object","0    [0.0013245033112582781, 0.0026490066225165563,...
1                                                [0.0]
2    [0.0009191176470588235, 0.001838235294117647, ...
dtype: object","0    [1.0, 1.0, 1.0, 1.0, 0.8, 0.6666666666666666, ...
1                                                [0.0]
2    [1.0, 1.0, 1.0, 0.75, 0.8, 0.6666666666666666,...
dtype: object"
16,8,0.3,755,15,1088,0.07196471617430868,0.0,0.08237288769531488,0.07747850512599873,0.051445867956541186,"0    [0.0, 0.0, 0.0, 1.0, 1.0, 1.0, 2.0, 2.0, 2.0, ...
1                                                   []
2    [0.0, 0.0, 1.0, 1.0, 1.0, 1.0, 1.0, 1.0, 1.0, ...
dtype: object","0    [1.0, 2.0, 3.0, 3.0, 4.0, 5.0, 5.0, 6.0, 7.0, ...
1                                                   []
2    [1.0, 2.0, 2.0, 3.0, 4.0, 5.0, 6.0, 7.0, 8.0, ...
dtype: object","0    [0.0013245033112582781, 0.0026490066225165563,...
1                                                   []
2    [0.0009191176470588235, 0.001838235294117647, ...
dtype: object","0    [1.0, 1.0, 1.0, 0.75, 0.8, 0.8333333333333334,...
1                                                   []
2    [1.0, 1.0, 0.6666666666666666, 0.75, 0.8, 0.83...
dtype: object"
17,64,0.3,755,15,1088,0.05718921202927094,0.0,0.1124303351118061,0.08907538196111119,0.056539849047025685,"0    [0.0, 0.0, 0.0, 0.0, 1.0, 1.0, 2.0, 2.0, 3.0, ...
1                                                   []
2    [0.0, 0.0, 0.0, 0.0, 0.0, 0.0, 0.0, 0.0, 1.0, ...
dtype: object","0    [1.0, 2.0, 3.0, 4.0, 4.0, 5.0, 5.0, 6.0, 6.0, ...
1                                                   []
2    [1.0, 2.0, 3.0, 4.0, 5.0, 6.0, 7.0, 8.0, 8.0, ...
dtype: object","0    [0.0013245033112582781, 0.0026490066225165563,...
1                                                   []
2    [0.0009191176470588235, 0.001838235294117647, ...
dtype: object","0    [1.0, 1.0, 1.0, 1.0, 0.8, 0.8333333333333334, ...
1                                                   []
2    [1.0, 1.0, 1.0, 1.0, 1.0, 1.0, 1.0, 1.0, 0.888...
dtype: object"
18,30,0.3,755,15,1088,0.05251560765465449,0.0,0.11355074565225157,0.08783234394451767,0.05535545110230202,"0    [0.0, 0.0, 1.0, 2.0, 2.0, 2.0, 2.0, 2.0, 2.0, ...
1                                                   []
2    [0.0, 0.0, 0.0, 0.0, 0.0, 0.0, 0.0, 0.0, 0.0, ...
dtype: object","0    [1.0, 2.0, 2.0, 2.0, 3.0, 4.0, 5.0, 6.0, 7.0, ...
1                                                   []
2    [1.0, 2.0, 3.0, 4.0, 5.0, 6.0, 7.0, 8.0, 9.0, ...
dtype: object","0    [0.0013245033112582781, 0.0026490066225165563,...
1                                                   []
2    [0.0009191176470588235, 0.001838235294117647, ...
dtype: object","0    [1.0, 1.0, 0.6666666666666666, 0.5, 0.6, 0.666...
1                                                   []
2    [1.0, 1.0, 1.0, 1.0, 1.0, 1.0, 1.0, 1.0, 1.0, ...
dtype: object"
19,14,0.3,755,15,1088,0.07108873037817266,0.0,0.1183447718177455,0.09818681548612888,0.06314450073197271,"0    [0.0, 0.0, 0.0, 0.0, 1.0, 1.0, 1.0, 1.0, 1.0, ...
1                                                   []
2    [0.0, 0.0, 0.0, 1.0, 1.0, 1.0, 1.0, 1.0, 1.0, ...
dtype: object","0    [1.0, 2.0, 3.0, 4.0, 4.0, 5.0, 6.0, 7.0, 8.0, ...
1                                                   []
2    [1.0, 2.0, 3.0, 3.0, 4.0, 5.0, 6.0, 7.0, 8.0, ...
dtype: object","0    [0.0013245033112582781, 0.0026490066225165563,...
1                                                   []
2    [0.0009191176470588235, 0.001838235294117647, ...
dtype: object","0    [1.0, 1.0, 1.0, 1.0, 0.8, 0.8333333333333334, ...
1                                                   []
2    [1.0, 1.0, 1.0, 0.75, 0.8, 0.8333333333333334,...
dtype: object"
20,66,0.3,755,15,1088,0.05880529625583241,0.0,0.1252397403622011,0.09723295812014437,0.061348345539344505,"0    [0.0, 0.0, 0.0, 1.0, 1.0, 1.0, 2.0, 2.0, 2.0, ...
1                                                   []
2    [0.0, 0.0, 0.0, 0.0, 0.0, 0.0, 0.0, 0.0, 0.0, ...
dtype: object","0    [1.0, 2.0, 3.0, 3.0, 4.0, 5.0, 5.0, 6.0, 7.0, ...
1                                                   []
2    [1.0, 2.0, 3.0, 4.0, 5.0, 6.0, 7.0, 8.0, 9.0, ...
dtype: object","0    [0.0013245033112582781, 0.0026490066225165563,...
1                                                   []
2    [0.0009191176470588235, 0.001838235294117647, ...
dtype: object","0    [1.0, 1.0, 1.0, 0.75, 0.8, 0.8333333333333334,...
1                                                   []
2    [1.0, 1.0, 1.0, 1.0, 1.0, 1.0, 1.0, 1.0, 1.0, ...
dtype: object"
21,12,0.3,755,15,1088,0.051956206714496384,0.0,0.08513521070570057,0.07096557874986383,0.04569713914006565,"0    [0.0, 0.0, 1.0, 1.0, 1.0, 1.0, 2.0, 2.0, 2.0, ...
1                                                   []
2    [0.0, 0.0, 0.0, 0.0, 1.0, 1.0, 1.0, 1.0, 2.0, ...
dtype: object","0    [1.0, 2.0, 2.0, 3.0, 4.0, 5.0, 5.0, 6.0, 7.0, ...
1                                                   []
2    [1.0, 2.0, 3.0, 4.0, 4.0, 5.0, 6.0, 7.0, 7.0, ...
dtype: object","0    [0.0013245033112582781, 0.0026490066225165563,...
1                                                   []
2    [0.0009191176470588235, 0.001838235294117647, ...
dtype: object","0    [1.0, 1.0, 0.6666666666666666, 0.75, 0.8, 0.83...
1                                                   []
2    [1.0, 1.0, 1.0, 1.0, 0.8, 0.8333333333333334, ...
dtype: object"
22,4,0.3,755,15,1088,0.0729352428131718,0.0,0.09342445262239416,0.08434440946023118,0.05545323181185532,"0    [0.0, 0.0, 0.0, 1.0, 2.0, 2.0, 2.0, 2.0, 2.0, ...
1                                                [1.0]
2    [0.0, 0.0, 0.0, 1.0, 1.0, 1.0, 1.0, 1.0, 1.0, ...
dtype: object","0    [1.0, 2.0, 3.0, 3.0, 3.0, 4.0, 5.0, 6.0, 7.0, ...
1                                                [0.0]
2    [1.0, 2.0, 3.0, 3.0, 4.0, 5.0, 6.0, 7.0, 8.0, ...
dtype: object","0    [0.0013245033112582781, 0.0026490066225165563,...
1                                                [0.0]
2    [0.0009191176470588235, 0.001838235294117647, ...
dtype: object","0    [1.0, 1.0, 1.0, 0.75, 0.6, 0.6666666666666666,...
1                                                [0.0]
2    [1.0, 1.0, 1.0, 0.75, 0.8, 0.8333333333333334,...
dtype: object"
23,54,0.3,755,15,1088,0.04217898913000387,0.0,0.10603763124339542,0.07923255090740966,0.04940554012446643,"0    [0.0, 0.0, 1.0, 1.0, 2.0, 2.0, 2.0, 2.0, 2.0, ...
1                                                   []
2    [0.0, 0.0, 0.0, 0.0, 0.0, 0.0, 0.0, 0.0, 0.0, ...
dtype: object","0    [1.0, 2.0, 2.0, 3.0, 3.0, 4.0, 5.0, 6.0, 7.0, ...
1                                                   []
2    [1.0, 2.0, 3.0, 4.0, 5.0, 6.0, 7.0, 8.0, 9.0, ...
dtype: object","0    [0.0013245033112582781, 0.0026490066225165563,...
1                                                   []
2    [0.0009191176470588235, 0.001838235294117647, ...
dtype: object","0    [1.0, 1.0, 0.6666666666666666, 0.75, 0.6, 0.66...
1                                                   []
2    [1.0, 1.0, 1.0, 1.0, 1.0, 1.0, 1.0, 1.0, 1.0, ...
dtype: object"
24,20,0.3,755,15,1088,0.06308184723735923,0.0,0.1196238644298574,0.09568221698810067,0.060901903889072205,"0    [0.0, 0.0, 0.0, 1.0, 1.0, 1.0, 2.0, 3.0, 3.0, ...
1                                                   []
2    [0.0, 0.0, 0.0, 1.0, 1.0, 1.0, 1.0, 1.0, 1.0, ...
dtype: object","0    [1.0, 2.0, 3.0, 3.0, 4.0, 5.0, 5.0, 5.0, 6.0, ...
1                                                   []
2    [1.0, 2.0, 3.0, 3.0, 4.0, 5.0, 6.0, 7.0, 8.0, ...
dtype: object","0    [0.0013245033112582781, 0.0026490066225165563,...
1                                                   []
2    [0.0009191176470588235, 0.001838235294117647, ...
dtype: object","0    [1.0, 1.0, 1.0, 0.75, 0.8, 0.8333333333333334,...
1                                                   []
2    [1.0, 1.0, 1.0, 0.75, 0.8, 0.8333333333333334,...
dtype: object"
25,36,0.3,755,15,1088,0.06271092633572156,0.0,0.1132583189104592,0.09180398296988665,0.05865641508206026,"0    [0.0, 1.0, 1.0, 2.0, 2.0, 2.0, 2.0, 2.0, 2.0, ...
1                                                   []
2    [0.0, 1.0, 1.0, 1.0, 1.0, 1.0, 1.0, 1.0, 1.0, ...
dtype: object","0    [1.0, 1.0, 2.0, 2.0, 3.0, 4.0, 5.0, 6.0, 7.0, ...
1                                                   []
2    [1.0, 1.0, 2.0, 3.0, 4.0, 5.0, 6.0, 7.0, 8.0, ...
dtype: object","0    [0.0013245033112582781, 0.0013245033112582781,...
1                                                   []
2    [0.0009191176470588235, 0.0009191176470588235,...
dtype: object","0    [1.0, 0.5, 0.6666666666666666, 0.5, 0.6, 0.666...
1                                                   []
2    [1.0, 0.5, 0.6666666666666666, 0.75, 0.8, 0.83...
dtype: object"
26,43,0.3,755,15,1088,0.06250674671790474,0.0,0.12250766438409756,0.09713720808499259,0.06167147036733409,"0    [0.0, 0.0, 1.0, 1.0, 1.0, 2.0, 2.0, 3.0, 3.0, ...
1                                                   []
2    [0.0, 0.0, 0.0, 0.0, 0.0, 0.0, 0.0, 1.0, 1.0, ...
dtype: object","0    [1.0, 2.0, 2.0, 3.0, 4.0, 4.0, 5.0, 5.0, 6.0, ...
1                                                   []
2    [1.0, 2.0, 3.0, 4.0, 5.0, 6.0, 7.0, 7.0, 8.0, ...
dtype: object","0    [0.0013245033112582781, 0.0026490066225165563,...
1                                                   []
2    [0.0009191176470588235, 0.001838235294117647, ...
dtype: object","0    [1.0, 1.0, 0.6666666666666666, 0.75, 0.8, 0.66...
1                                                   []
2    [1.0, 1.0, 1.0, 1.0, 1.0, 1.0, 1.0, 0.875, 0.8...
dtype: object"
27,42,0.3,755,15,1088,0.05958755115356577,0.0,0.11159662892154634,0.08956175101592281,0.0570613933583707,"0    [0.0, 0.0, 0.0, 0.0, 1.0, 1.0, 2.0, 2.0, 3.0, ...
1                                                   []
2    [1.0, 1.0, 1.0, 1.0, 2.0, 2.0, 2.0, 2.0, 2.0, ...
dtype: object","0    [1.0, 2.0, 3.0, 4.0, 4.0, 5.0, 5.0, 6.0, 6.0, ...
1                                                   []
2    [0.0, 1.0, 2.0, 3.0, 3.0, 4.0, 5.0, 6.0, 7.0, ...
dtype: object","0    [0.0013245033112582781, 0.0026490066225165563,...
1                                                   []
2    [0.0, 0.0009191176470588235, 0.001838235294117...
dtype: object","0    [1.0, 1.0, 1.0, 1.0, 0.8, 0.8333333333333334, ...
1                                                   []
2    [0.0, 0.5, 0.6666666666666666, 0.75, 0.6, 0.66...
dtype: object"
28,33,0.3,755,15,1088,0.04855258233378945,0.0,0.10649181237918376,0.08208842385929116,0.0516814649043244,"0    [0.0, 1.0, 1.0, 1.0, 2.0, 2.0, 2.0, 2.0, 2.0, ...
1                                                   []
2    [0.0, 0.0, 0.0, 1.0, 1.0, 1.0, 1.0, 1.0, 1.0, ...
dtype: object","0    [1.0, 1.0, 2.0, 3.0, 3.0, 4.0, 5.0, 6.0, 7.0, ...
1                                                   []
2    [1.0, 2.0, 3.0, 3.0, 4.0, 5.0, 6.0, 7.0, 8.0, ...
dtype: object","0    [0.0013245033112582781, 0.0013245033112582781,...
1                                                   []
2    [0.0009191176470588235, 0.001838235294117647, ...
dtype: object","0    [1.0, 0.5, 0.6666666666666666, 0.75, 0.6, 0.66...
1                                                   []
2    [1.0, 1.0, 1.0, 0.75, 0.8, 0.8333333333333334,...
dtype: object"
29,59,0.3,755,15,1088,0.05298222981484,0.0,0.10752781903009097,0.08449507568080904,0.05350334961497699,"0    [1.0, 1.0, 1.0, 1.0, 2.0, 3.0, 3.0, 3.0, 3.0, ...
1                                                   []
2    [0.0, 0.0, 1.0, 2.0, 2.0, 2.0, 2.0, 2.0, 2.0, ...
dtype: object","0    [0.0, 1.0, 2.0, 3.0, 3.0, 3.0, 4.0, 5.0, 6.0, ...
1                                                   []
2    [1.0, 2.0, 2.0, 2.0, 3.0, 4.0, 5.0, 6.0, 7.0, ...
dtype: object","0    [0.0, 0.0013245033112582781, 0.002649006622516...
1                                                   []
2    [0.0009191176470588235, 0.001838235294117647, ...
dtype: object","0    [0.0, 0.5, 0.6666666666666666, 0.75, 0.6, 0.5,...
1                                                   []
2    [1.0, 1.0, 0.6666666666666666, 0.5, 0.6, 0.666...
dtype: object"
30,3,0.3,755,15,1088,0.12829879571821795,0.0,0.08969038959892939,0.1046548625677555,0.07266306177238245,"0    [0.0, 0.0, 1.0, 1.0, 1.0, 1.0, 1.0, 1.0, 1.0, ...
1                                                [1.0]
2    [0.0, 0.0, 0.0, 0.0, 0.0, 0.0, 0.0, 0.0, 0.0, ...
dtype: object","0    [1.0, 2.0, 2.0, 3.0, 4.0, 5.0, 6.0, 7.0, 8.0, ...
1                                                [0.0]
2    [1.0, 2.0, 3.0, 4.0, 5.0, 6.0, 7.0, 8.0, 9.0, ...
dtype: object","0    [0.0013245033112582781, 0.0026490066225165563,...
1                                                [0.0]
2    [0.0009191176470588235, 0.001838235294117647, ...
dtype: object","0    [1.0, 1.0, 0.6666666666666666, 0.75, 0.8, 0.83...
1                                                [0.0]
2    [1.0, 1.0, 1.0, 1.0, 1.0, 1.0, 1.0, 1.0, 1.0, ...
dtype: object"
31,25,0.3,755,15,1088,0.059633689294346925,0.0,0.10597787911015187,0.08629029488109642,0.05520385613483294,"0    [0.0, 1.0, 1.0, 2.0, 2.0, 2.0, 3.0, 3.0, 3.0, ...
1                                                   []
2    [0.0, 0.0, 0.0, 0.0, 0.0, 1.0, 1.0, 1.0, 1.0, ...
dtype: object","0    [1.0, 1.0, 2.0, 2.0, 3.0, 4.0, 4.0, 5.0, 6.0, ...
1                                                   []
2    [1.0, 2.0, 3.0, 4.0, 5.0, 5.0, 6.0, 7.0, 8.0, ...
dtype: object","0    [0.0013245033112582781, 0.0013245033112582781,...
1                                                   []
2    [0.0009191176470588235, 0.001838235294117647, ...
dtype: object","0    [1.0, 0.5, 0.6666666666666666, 0.5, 0.6, 0.666...
1                                                   []
2    [1.0, 1.0, 1.0, 1.0, 1.0, 0.8333333333333334, ...
dtype: object"
32,46,0.3,755,15,1088,0.05503917468405541,0.0,0.11467157659207447,0.08951412928882609,0.05657025042537663,"0    [0.0, 0.0, 0.0, 1.0, 1.0, 2.0, 2.0, 3.0, 3.0, ...
1                                                   []
2    [0.0, 0.0, 0.0, 0.0, 0.0, 0.0, 0.0, 0.0, 0.0, ...
dtype: object","0    [1.0, 2.0, 3.0, 3.0, 4.0, 4.0, 5.0, 5.0, 6.0, ...
1                                                   []
2    [1.0, 2.0, 3.0, 4.0, 5.0, 6.0, 7.0, 8.0, 9.0, ...
dtype: object","0    [0.0013245033112582781, 0.0026490066225165563,...
1                                                   []
2    [0.0009191176470588235, 0.001838235294117647, ...
dtype: object","0    [1.0, 1.0, 1.0, 0.75, 0.8, 0.6666666666666666,...
1                                                   []
2    [1.0, 1.0, 1.0, 1.0, 1.0, 1.0, 1.0, 1.0, 1.0, ...
dtype: object"
33,9,0.3,755,15,1088,0.06235415148553353,0.0,0.08435352758614904,0.07473305833439611,0.048902559690560864,"0    [1.0, 1.0, 1.0, 2.0, 2.0, 2.0, 2.0, 2.0, 2.0, ...
1                                                   []
2    [0.0, 0.0, 1.0, 1.0, 1.0, 1.0, 1.0, 1.0, 1.0, ...
dtype: object","0    [0.0, 1.0, 2.0, 2.0, 3.0, 4.0, 5.0, 6.0, 7.0, ...
1                                                   []
2    [1.0, 2.0, 2.0, 3.0, 4.0, 5.0, 6.0, 7.0, 8.0, ...
dtype: object","0    [0.0, 0.0013245033112582781, 0.002649006622516...
1                                                   []
2    [0.0009191176470588235, 0.001838235294117647, ...
dtype: object","0    [0.0, 0.5, 0.6666666666666666, 0.5, 0.6, 0.666...
1                                                   []
2    [1.0, 1.0, 0.6666666666666666, 0.75, 0.8, 0.83...
dtype: object"
34,45,0.3,755,15,1088,0.05926653848892687,0.0,0.1036903201658382,0.08480156345509782,0.054318952884921695,"0    [0.0, 0.0, 0.0, 1.0, 1.0, 1.0, 1.0, 1.0, 2.0, ...
1                                                   []
2    [0.0, 0.0, 0.0, 0.0, 0.0, 0.0, 0.0, 0.0, 0.0, ...
dtype: object","0    [1.0, 2.0, 3.0, 3.0, 4.0, 5.0, 6.0, 7.0, 7.0, ...
1                                                   []
2    [1.0, 2.0, 3.0, 4.0, 5.0, 6.0, 7.0, 8.0, 9.0, ...
dtype: object","0    [0.0013245033112582781, 0.0026490066225165563,...
1                                                   []
2    [0.0009191176470588235, 0.001838235294117647, ...
dtype: object","0    [1.0, 1.0, 1.0, 0.75, 0.8, 0.8333333333333334,...
1                                                   []
2    [1.0, 1.0, 1.0, 1.0, 1.0, 1.0, 1.0, 1.0, 1.0, ...
dtype: object"
35,50,0.3,755,15,1088,0.053817701735537626,0.0,0.12847163992740657,0.0970987669813505,0.06076311388764807,"0    [0.0, 0.0, 0.0, 1.0, 1.0, 1.0, 2.0, 3.0, 3.0, ...
1                                                   []
2    [0.0, 0.0, 0.0, 0.0, 0.0, 0.0, 0.0, 0.0, 1.0, ...
dtype: object","0    [1.0, 2.0, 3.0, 3.0, 4.0, 5.0, 5.0, 5.0, 6.0, ...
1                                                   []
2    [1.0, 2.0, 3.0, 4.0, 5.0, 6.0, 7.0, 8.0, 8.0, ...
dtype: object","0    [0.0013245033112582781, 0.0026490066225165563,...
1                                                   []
2    [0.0009191176470588235, 0.001838235294117647, ...
dtype: object","0    [1.0, 1.0, 1.0, 0.75, 0.8, 0.8333333333333334,...
1                                                   []
2    [1.0, 1.0, 1.0, 1.0, 1.0, 1.0, 1.0, 1.0, 0.888...
dtype: object"
36,6,0.3,755,15,1088,0.06966386510607181,0.0,0.10452033327941547,0.08951256230521434,0.05806139946182909,"0    [0.0, 0.0, 0.0, 1.0, 1.0, 1.0, 1.0, 2.0, 3.0, ...
1                                                   []
2    [0.0, 0.0, 0.0, 1.0, 1.0, 1.0, 1.0, 1.0, 1.0, ...
dtype: object","0    [1.0, 2.0, 3.0, 3.0, 4.0, 5.0, 6.0, 6.0, 6.0, ...
1                                                   []
2    [1.0, 2.0, 3.0, 3.0, 4.0, 5.0, 6.0, 7.0, 8.0, ...
dtype: object","0    [0.0013245033112582781, 0.0026490066225165563,...
1                                                   []
2    [0.0009191176470588235, 0.001838235294117647, ...
dtype: object","0    [1.0, 1.0, 1.0, 0.75, 0.8, 0.8333333333333334,...
1                                                   []
2    [1.0, 1.0, 1.0, 0.75, 0.8, 0.8333333333333334,...
dtype: object"
37,18,0.3,755,15,1088,0.05428002004611031,0.0,0.09871105071881427,0.07985954699509322,0.05099702358830819,"0    [0.0, 1.0, 1.0, 1.0, 1.0, 1.0, 1.0, 1.0, 2.0, ...
1                                                   []
2    [0.0, 0.0, 0.0, 0.0, 0.0, 0.0, 1.0, 1.0, 1.0, ...
dtype: object","0    [1.0, 1.0, 2.0, 3.0, 4.0, 5.0, 6.0, 7.0, 7.0, ...
1                                                   []
2    [1.0, 2.0, 3.0, 4.0, 5.0, 6.0, 6.0, 7.0, 8.0, ...
dtype: object","0    [0.0013245033112582781, 0.0013245033112582781,...
1                                                   []
2    [0.0009191176470588235, 0.001838235294117647, ...
dtype: object","0    [1.0, 0.5, 0.6666666666666666, 0.75, 0.8, 0.83...
1                                                   []
2    [1.0, 1.0, 1.0, 1.0, 1.0, 1.0, 0.8571428571428...
dtype: object"
38,40,0.3,755,15,1088,0.06854220618099625,0.0,0.12834260346311344,0.10300652219295994,0.0656282698813699,"0    [0.0, 0.0, 1.0, 1.0, 1.0, 2.0, 2.0, 3.0, 3.0, ...
1                                                   []
2    [0.0, 0.0, 0.0, 0.0, 0.0, 0.0, 0.0, 0.0, 1.0, ...
dtype: object","0    [1.0, 2.0, 2.0, 3.0, 4.0, 4.0, 5.0, 5.0, 6.0, ...
1                                                   []
2    [1.0, 2.0, 3.0, 4.0, 5.0, 6.0, 7.0, 8.0, 8.0, ...
dtype: object","0    [0.0013245033112582781, 0.0026490066225165563,...
1                                                   []
2    [0.0009191176470588235, 0.001838235294117647, ...
dtype: object","0    [1.0, 1.0, 0.6666666666666666, 0.75, 0.8, 0.66...
1                                                   []
2    [1.0, 1.0, 1.0, 1.0, 1.0, 1.0, 1.0, 1.0, 0.888...
dtype: object"
39,37,0.3,755,15,1088,0.053607084093496515,0.0,0.12341871126438075,0.09405430912068682,0.05900859845262576,"0    [0.0, 0.0, 1.0, 1.0, 1.0, 2.0, 2.0, 2.0, 2.0, ...
1                                                   []
2    [0.0, 0.0, 0.0, 0.0, 0.0, 0.0, 0.0, 0.0, 0.0, ...
dtype: object","0    [1.0, 2.0, 2.0, 3.0, 4.0, 4.0, 5.0, 6.0, 7.0, ...
1                                                   []
2    [1.0, 2.0, 3.0, 4.0, 5.0, 6.0, 7.0, 8.0, 9.0, ...
dtype: object","0    [0.0013245033112582781, 0.0026490066225165563,...
1                                                   []
2    [0.0009191176470588235, 0.001838235294117647, ...
dtype: object","0    [1.0, 1.0, 0.6666666666666666, 0.75, 0.8, 0.66...
1                                                   []
2    [1.0, 1.0, 1.0, 1.0, 1.0, 1.0, 1.0, 1.0, 1.0, ...
dtype: object"
40,70,0.3,755,15,1088,0.05604520983028236,0.0,0.122323083353619,0.09440347045780444,0.05945609772796712,"0    [0.0, 0.0, 1.0, 1.0, 2.0, 2.0, 2.0, 2.0, 3.0, ...
1                                                   []
2    [0.0, 1.0, 1.0, 1.0, 1.0, 1.0, 1.0, 1.0, 2.0, ...
dtype: object","0    [1.0, 2.0, 2.0, 3.0, 3.0, 4.0, 5.0, 6.0, 6.0, ...
1                                                   []
2    [1.0, 1.0, 2.0, 3.0, 4.0, 5.0, 6.0, 7.0, 7.0, ...
dtype: object","0    [0.0013245033112582781, 0.0026490066225165563,...
1                                                   []
2    [0.0009191176470588235, 0.0009191176470588235,...
dtype: object","0    [1.0, 1.0, 0.6666666666666666, 0.75, 0.6, 0.66...
1                                                   []
2    [1.0, 0.5, 0.6666666666666666, 0.75, 0.8, 0.83...
dtype: object"
41,61,0.3,755,15,1088,0.05194478309946657,0.0,0.0989286694669332,0.07903805361685715,0.05029115085546659,"0    [1.0, 1.0, 1.0, 1.0, 1.0, 1.0, 2.0, 2.0, 2.0, ...
1                                                   []
2    [0.0, 0.0, 0.0, 0.0, 0.0, 0.0, 0.0, 0.0, 0.0, ...
dtype: object","0    [0.0, 1.0, 2.0, 3.0, 4.0, 5.0, 5.0, 6.0, 7.0, ...
1                                                   []
2    [1.0, 2.0, 3.0, 4.0, 5.0, 6.0, 7.0, 8.0, 9.0, ...
dtype: object","0    [0.0, 0.0013245033112582781, 0.002649006622516...
1                                                   []
2    [0.0009191176470588235, 0.001838235294117647, ...
dtype: object","0    [0.0, 0.5, 0.6666666666666666, 0.75, 0.8, 0.83...
1                                                   []
2    [1.0, 1.0, 1.0, 1.0, 1.0, 1.0, 1.0, 1.0, 1.0, ...
dtype: object"
42,56,0.3,755,15,1088,0.05923234901921045,0.0,0.09794766240565689,0.0814249086151015,0.05239333714162245,"0    [0.0, 0.0, 0.0, 1.0, 1.0, 2.0, 2.0, 2.0, 2.0, ...
1                                                   []
2    [0.0, 0.0, 0.0, 0.0, 0.0, 0.0, 0.0, 0.0, 0.0, ...
dtype: object","0    [1.0, 2.0, 3.0, 3.0, 4.0, 4.0, 5.0, 6.0, 7.0, ...
1                                                   []
2    [1.0, 2.0, 3.0, 4.0, 5.0, 6.0, 7.0, 8.0, 9.0, ...
dtype: object","0    [0.0013245033112582781, 0.0026490066225165563,...
1                                                   []
2    [0.0009191176470588235, 0.001838235294117647, ...
dtype: object","0    [1.0, 1.0, 1.0, 0.75, 0.8, 0.6666666666666666,...
1                                                   []
2    [1.0, 1.0, 1.0, 1.0, 1.0, 1.0, 1.0, 1.0, 1.0, ...
dtype: object"
43,53,0.3,755,15,1088,0.04682388205003394,0.0,0.11310998181980778,0.0852614053647613,0.053311287956613905,"0    [0.0, 0.0, 0.0, 1.0, 2.0, 2.0, 2.0, 3.0, 4.0, ...
1                                                   []
2    [0.0, 1.0, 1.0, 1.0, 1.0, 2.0, 2.0, 2.0, 2.0, ...
dtype: object","0    [1.0, 2.0, 3.0, 3.0, 3.0, 4.0, 5.0, 5.0, 5.0, ...
1                                                   []
2    [1.0, 1.0, 2.0, 3.0, 4.0, 4.0, 5.0, 6.0, 7.0, ...
dtype: object","0    [0.0013245033112582781, 0.0026490066225165563,...
1                                                   []
2    [0.0009191176470588235, 0.0009191176470588235,...
dtype: object","0    [1.0, 1.0, 1.0, 0.75, 0.6, 0.6666666666666666,...
1                                                   []
2    [1.0, 0.5, 0.6666666666666666, 0.75, 0.8, 0.66...
dtype: object"
44,60,0.3,755,15,1088,0.0575236856938485,0.0,0.10905354343102953,0.08723392785350687,0.05552574304162602,"0    [0.0, 1.0, 1.0, 1.0, 2.0, 2.0, 2.0, 2.0, 2.0, ...
1                                                   []
2    [0.0, 0.0, 0.0, 0.0, 0.0, 0.0, 0.0, 0.0, 0.0, ...
dtype: object","0    [1.0, 1.0, 2.0, 3.0, 3.0, 4.0, 5.0, 6.0, 7.0, ...
1                                                   []
2    [1.0, 2.0, 3.0, 4.0, 5.0, 6.0, 7.0, 8.0, 9.0, ...
dtype: object","0    [0.0013245033112582781, 0.0013245033112582781,...
1                                                   []
2    [0.0009191176470588235, 0.001838235294117647, ...
dtype: object","0    [1.0, 0.5, 0.6666666666666666, 0.75, 0.6, 0.66...
1                                                   []
2    [1.0, 1.0, 1.0, 1.0, 1.0, 1.0, 1.0, 1.0, 1.0, ...
dtype: object"
45,67,0.3,755,15,1088,0.058001763270662046,0.0,0.12319257699765522,0.0957076722512372,0.060398113422772425,"0    [1.0, 1.0, 1.0, 1.0, 2.0, 2.0, 2.0, 2.0, 2.0, ...
1                                                   []
2    [0.0, 0.0, 0.0, 0.0, 1.0, 2.0, 2.0, 3.0, 3.0, ...
dtype: object","0    [0.0, 1.0, 2.0, 3.0, 3.0, 4.0, 5.0, 6.0, 7.0, ...
1                                                   []
2    [1.0, 2.0, 3.0, 4.0, 4.0, 4.0, 5.0, 5.0, 6.0, ...
dtype: object","0    [0.0, 0.0013245033112582781, 0.002649006622516...
1                                                   []
2    [0.0009191176470588235, 0.001838235294117647, ...
dtype: object","0    [0.0, 0.5, 0.6666666666666666, 0.75, 0.6, 0.66...
1                                                   []
2    [1.0, 1.0, 1.0, 1.0, 0.8, 0.6666666666666666, ...
dtype: object"
46,7,0.3,755,15,1088,0.07404777711862856,0.0,0.10489427014605912,0.09151293737539122,0.059647349088229225,"0    [0.0, 0.0, 0.0, 0.0, 0.0, 0.0, 1.0, 1.0, 1.0, ...
1                                                   []
2    [0.0, 0.0, 0.0, 0.0, 1.0, 1.0, 1.0, 1.0, 1.0, ...
dtype: object","0    [1.0, 2.0, 3.0, 4.0, 5.0, 6.0, 6.0, 7.0, 8.0, ...
1                                                   []
2    [1.0, 2.0, 3.0, 4.0, 4.0, 5.0, 6.0, 7.0, 8.0, ...
dtype: object","0    [0.0013245033112582781, 0.0026490066225165563,...
1                                                   []
2    [0.0009191176470588235, 0.001838235294117647, ...
dtype: object","0    [1.0, 1.0, 1.0, 1.0, 1.0, 1.0, 0.8571428571428...
1                                                   []
2    [1.0, 1.0, 1.0, 1.0, 0.8, 0.8333333333333334, ...
dtype: object"
47,24,0.3,755,15,1088,0.07282919556089666,0.0,0.1326796891135162,0.10728823703120699,0.06850296155813762,"0    [0.0, 1.0, 1.0, 1.0, 1.0, 1.0, 1.0, 2.0, 2.0, ...
1                                                   []
2    [1.0, 1.0, 1.0, 1.0, 1.0, 1.0, 1.0, 1.0, 1.0, ...
dtype: object","0    [1.0, 1.0, 2.0, 3.0, 4.0, 5.0, 6.0, 6.0, 7.0, ...
1                                                   []
2    [0.0, 1.0, 2.0, 3.0, 4.0, 5.0, 6.0, 7.0, 8.0, ...
dtype: object","0    [0.0013245033112582781, 0.0013245033112582781,...
1                                                   []
2    [0.0, 0.0009191176470588235, 0.001838235294117...
dtype: object","0    [1.0, 0.5, 0.6666666666666666, 0.75, 0.8, 0.83...
1                                                   []
2    [0.0, 0.5, 0.6666666666666666, 0.75, 0.8, 0.83...
dtype: object"
48,16,0.3,755,15,1088,0.07806782366920555,0.0,0.12588090283343356,0.10543575304253278,0.06798290883421304,"0    [0.0, 1.0, 1.0, 1.0, 1.0, 1.0, 1.0, 1.0, 1.0, ...
1                                                   []
2    [0.0, 0.0, 0.0, 0.0, 1.0, 1.0, 1.0, 1.0, 1.0, ...
dtype: object","0    [1.0, 1.0, 2.0, 3.0, 4.0, 5.0, 6.0, 7.0, 8.0, ...
1                                                   []
2    [1.0, 2.0, 3.0, 4.0, 4.0, 5.0, 6.0, 7.0, 8.0, ...
dtype: object","0    [0.0013245033112582781, 0.0013245033112582781,...
1                                                   []
2    [0.0009191176470588235, 0.001838235294117647, ...
dtype: object","0    [1.0, 0.5, 0.6666666666666666, 0.75, 0.8, 0.83...
1                                                   []
2    [1.0, 1.0, 1.0, 1.0, 0.8, 0.8333333333333334, ...
dtype: object"
49,48,0.3,755,15,1088,0.07188903045795828,0.0,0.12110842052981917,0.10013034420462959,0.06433248366259248,"0    [0.0, 0.0, 0.0, 0.0, 0.0, 0.0, 1.0, 2.0, 2.0, ...
1                                                   []
2    [0.0, 0.0, 1.0, 1.0, 2.0, 2.0, 2.0, 2.0, 2.0, ...
dtype: object","0    [1.0, 2.0, 3.0, 4.0, 5.0, 6.0, 6.0, 6.0, 7.0, ...
1                                                   []
2    [1.0, 2.0, 2.0, 3.0, 3.0, 4.0, 5.0, 6.0, 7.0, ...
dtype: object","0    [0.0013245033112582781, 0.0026490066225165563,...
1                                                   []
2    [0.0009191176470588235, 0.001838235294117647, ...
dtype: object","0    [1.0, 1.0, 1.0, 1.0, 1.0, 1.0, 0.8571428571428...
1                                                   []
2    [1.0, 1.0, 0.6666666666666666, 0.75, 0.6, 0.66...
dtype: object"
50,49,0.3,755,15,1088,0.06585618410549685,0.0,0.1358895419226136,0.10633435985546487,0.06724857534270348,"0    [0.0, 0.0, 0.0, 1.0, 1.0, 1.0, 1.0, 2.0, 2.0, ...
1                                                   []
2    [0.0, 1.0, 1.0, 1.0, 1.0, 1.0, 1.0, 1.0, 1.0, ...
dtype: object","0    [1.0, 2.0, 3.0, 3.0, 4.0, 5.0, 6.0, 6.0, 7.0, ...
1                                                   []
2    [1.0, 1.0, 2.0, 3.0, 4.0, 5.0, 6.0, 7.0, 8.0, ...
dtype: object","0    [0.0013245033112582781, 0.0026490066225165563,...
1                                                   []
2    [0.0009191176470588235, 0.0009191176470588235,...
dtype: object","0    [1.0, 1.0, 1.0, 0.75, 0.8, 0.8333333333333334,...
1                                                   []
2    [1.0, 0.5, 0.6666666666666666, 0.75, 0.8, 0.83...
dtype: object"
51,28,0.3,755,15,1088,0.04729900116323798,0.0,0.09969710072303688,0.07760021069155479,0.04899870062875828,"0    [0.0, 1.0, 1.0, 1.0, 1.0, 1.0, 1.0, 2.0, 3.0, ...
1                                                   []
2    [0.0, 0.0, 0.0, 1.0, 1.0, 1.0, 1.0, 1.0, 1.0, ...
dtype: object","0    [1.0, 1.0, 2.0, 3.0, 4.0, 5.0, 6.0, 6.0, 6.0, ...
1                                                   []
2    [1.0, 2.0, 3.0, 3.0, 4.0, 5.0, 6.0, 7.0, 8.0, ...
dtype: object","0    [0.0013245033112582781, 0.0013245033112582781,...
1                                                   []
2    [0.0009191176470588235, 0.001838235294117647, ...
dtype: object","0    [1.0, 0.5, 0.6666666666666666, 0.75, 0.8, 0.83...
1                                                   []
2    [1.0, 1.0, 1.0, 0.75, 0.8, 0.8333333333333334,...
dtype: object"
52,22,0.3,755,15,1088,0.041498556631006954,0.0,0.1097031071635788,0.08110247085596556,0.05040055459819525,"0    [0.0, 1.0, 2.0, 2.0, 3.0, 3.0, 3.0, 3.0, 3.0, ...
1                                                   []
2    [0.0, 0.0, 0.0, 0.0, 0.0, 0.0, 0.0, 0.0, 0.0, ...
dtype: object","0    [1.0, 1.0, 1.0, 2.0, 2.0, 3.0, 4.0, 5.0, 6.0, ...
1                                                   []
2    [1.0, 2.0, 3.0, 4.0, 5.0, 6.0, 7.0, 8.0, 9.0, ...
dtype: object","0    [0.0013245033112582781, 0.0013245033112582781,...
1                                                   []
2    [0.0009191176470588235, 0.001838235294117647, ...
dtype: object","0    [1.0, 0.5, 0.3333333333333333, 0.5, 0.4, 0.5, ...
1                                                   []
2    [1.0, 1.0, 1.0, 1.0, 1.0, 1.0, 1.0, 1.0, 1.0, ...
dtype: object"
53,27,0.3,755,15,1088,0.06238852646491787,0.0,0.1190826586036804,0.09508356837557443,0.06049039502286609,"0    [0.0, 1.0, 1.0, 1.0, 2.0, 3.0, 3.0, 4.0, 4.0, ...
1                                                   []
2    [0.0, 1.0, 1.0, 1.0, 1.0, 1.0, 1.0, 1.0, 1.0, ...
dtype: object","0    [1.0, 1.0, 2.0, 3.0, 3.0, 3.0, 4.0, 4.0, 5.0, ...
1                                                   []
2    [1.0, 1.0, 2.0, 3.0, 4.0, 5.0, 6.0, 7.0, 8.0, ...
dtype: object","0    [0.0013245033112582781, 0.0013245033112582781,...
1                                                   []
2    [0.0009191176470588235, 0.0009191176470588235,...
dtype: object","0    [1.0, 0.5, 0.6666666666666666, 0.75, 0.6, 0.5,...
1                                                   []
2    [1.0, 0.5, 0.6666666666666666, 0.75, 0.8, 0.83...
dtype: object"
54,69,0.3,755,15,1088,0.05817592896342923,0.0,0.12388695018263093,0.09618505283427961,0.060687626382020056,"0    [1.0, 1.0, 1.0, 1.0, 2.0, 2.0, 2.0, 2.0, 2.0, ...
1                                                   []
2    [0.0, 1.0, 2.0, 2.0, 2.0, 2.0, 2.0, 2.0, 2.0, ...
dtype: object","0    [0.0, 1.0, 2.0, 3.0, 3.0, 4.0, 5.0, 6.0, 7.0, ...
1                                                   []
2    [1.0, 1.0, 1.0, 2.0, 3.0, 4.0, 5.0, 6.0, 7.0, ...
dtype: object","0    [0.0, 0.0013245033112582781, 0.002649006622516...
1                                                   []
2    [0.0009191176470588235, 0.0009191176470588235,...
dtype: object","0    [0.0, 0.5, 0.6666666666666666, 0.75, 0.6, 0.66...
1                                                   []
2    [1.0, 0.5, 0.3333333333333333, 0.5, 0.6, 0.666...
dtype: object"
55,2,0.3,755,15,1088,0.13873797355751666,0.0,0.11513096933770084,0.12379422210728934,0.0846229809650725,"0    [0.0, 1.0, 1.0, 1.0, 1.0, 1.0, 1.0, 1.0, 1.0, ...
1                                           [1.0, 2.0]
2    [0.0, 0.0, 0.0, 1.0, 1.0, 1.0, 1.0, 1.0, 1.0, ...
dtype: object","0    [1.0, 1.0, 2.0, 3.0, 4.0, 5.0, 6.0, 7.0, 8.0, ...
1                                           [0.0, 0.0]
2    [1.0, 2.0, 3.0, 3.0, 4.0, 5.0, 6.0, 7.0, 8.0, ...
dtype: object","0    [0.0013245033112582781, 0.0013245033112582781,...
1                                           [0.0, 0.0]
2    [0.0009191176470588235, 0.001838235294117647, ...
dtype: object","0    [1.0, 0.5, 0.6666666666666666, 0.75, 0.8, 0.83...
1                                           [0.0, 0.0]
2    [1.0, 1.0, 1.0, 0.75, 0.8, 0.8333333333333334,...
dtype: object"
56,44,0.3,755,15,1088,0.056435929780300646,0.0,0.09981470001651778,0.08138187330575798,0.05208354326560614,"0    [0.0, 0.0, 0.0, 1.0, 2.0, 2.0, 3.0, 3.0, 3.0, ...
1                                                   []
2    [0.0, 0.0, 0.0, 0.0, 0.0, 1.0, 1.0, 1.0, 1.0, ...
dtype: object","0    [1.0, 2.0, 3.0, 3.0, 3.0, 4.0, 4.0, 5.0, 6.0, ...
1                                                   []
2    [1.0, 2.0, 3.0, 4.0, 5.0, 5.0, 6.0, 7.0, 8.0, ...
dtype: object","0    [0.0013245033112582781, 0.0026490066225165563,...
1                                                   []
2    [0.0009191176470588235, 0.001838235294117647, ...
dtype: object","0    [1.0, 1.0, 1.0, 0.75, 0.6, 0.6666666666666666,...
1                                                   []
2    [1.0, 1.0, 1.0, 1.0, 1.0, 0.8333333333333334, ...
dtype: object"
57,23,0.3,755,15,1088,0.07245220155865556,0.0,0.12356471230884575,0.10179753453649576,0.0653389712891671,"0    [0.0, 0.0, 1.0, 1.0, 1.0, 1.0, 2.0, 2.0, 2.0, ...
1                                                   []
2    [0.0, 1.0, 1.0, 1.0, 1.0, 1.0, 1.0, 1.0, 1.0, ...
dtype: object","0    [1.0, 2.0, 2.0, 3.0, 4.0, 5.0, 5.0, 6.0, 7.0, ...
1                                                   []
2    [1.0, 1.0, 2.0, 3.0, 4.0, 5.0, 6.0, 7.0, 8.0, ...
dtype: object","0    [0.0013245033112582781, 0.0026490066225165563,...
1                                                   []
2    [0.0009191176470588235, 0.0009191176470588235,...
dtype: object","0    [1.0, 1.0, 0.6666666666666666, 0.75, 0.8, 0.83...
1                                                   []
2    [1.0, 0.5, 0.6666666666666666, 0.75, 0.8, 0.83...
dtype: object"
58,65,0.3,755,15,1088,0.05912751919939647,0.0,0.1285669413597325,0.09931222238693935,0.06256482018637632,"0    [0.0, 0.0, 0.0, 0.0, 1.0, 1.0, 2.0, 2.0, 2.0, ...
1                                                   []
2    [0.0, 0.0, 0.0, 0.0, 0.0, 0.0, 0.0, 0.0, 1.0, ...
dtype: object","0    [1.0, 2.0, 3.0, 4.0, 4.0, 5.0, 5.0, 6.0, 7.0, ...
1                                                   []
2    [1.0, 2.0, 3.0, 4.0, 5.0, 6.0, 7.0, 8.0, 8.0, ...
dtype: object","0    [0.0013245033112582781, 0.0026490066225165563,...
1                                                   []
2    [0.0009191176470588235, 0.001838235294117647, ...
dtype: object","0    [1.0, 1.0, 1.0, 1.0, 0.8, 0.8333333333333334, ...
1                                                   []
2    [1.0, 1.0, 1.0, 1.0, 1.0, 1.0, 1.0, 1.0, 0.888...
dtype: object"
59,39,0.3,755,15,1088,0.06404827299985831,0.0,0.12155530019853275,0.09720592719639216,0.061867857732797016,"0    [0.0, 1.0, 1.0, 2.0, 2.0, 2.0, 2.0, 3.0, 3.0, ...
1                                                   []
2    [0.0, 0.0, 0.0, 0.0, 0.0, 0.0, 0.0, 0.0, 1.0, ...
dtype: object","0    [1.0, 1.0, 2.0, 2.0, 3.0, 4.0, 5.0, 5.0, 6.0, ...
1                                                   []
2    [1.0, 2.0, 3.0, 4.0, 5.0, 6.0, 7.0, 8.0, 8.0, ...
dtype: object","0    [0.0013245033112582781, 0.0013245033112582781,...
1                                                   []
2    [0.0009191176470588235, 0.001838235294117647, ...
dtype: object","0    [1.0, 0.5, 0.6666666666666666, 0.5, 0.6, 0.666...
1                                                   []
2    [1.0, 1.0, 1.0, 1.0, 1.0, 1.0, 1.0, 1.0, 0.888...
dtype: object"
60,47,0.3,755,15,1088,0.05784482880485934,0.0,0.10503830567985563,0.08501319823861772,0.054294378161571656,"0    [0.0, 0.0, 1.0, 1.0, 2.0, 2.0, 2.0, 2.0, 3.0, ...
1                                                   []
2    [0.0, 0.0, 0.0, 0.0, 0.0, 0.0, 0.0, 0.0, 0.0, ...
dtype: object","0    [1.0, 2.0, 2.0, 3.0, 3.0, 4.0, 5.0, 6.0, 6.0, ...
1                                                   []
2    [1.0, 2.0, 3.0, 4.0, 5.0, 6.0, 7.0, 8.0, 9.0, ...
dtype: object","0    [0.0013245033112582781, 0.0026490066225165563,...
1                                                   []
2    [0.0009191176470588235, 0.001838235294117647, ...
dtype: object","0    [1.0, 1.0, 0.6666666666666666, 0.75, 0.6, 0.66...
1                                                   []
2    [1.0, 1.0, 1.0, 1.0, 1.0, 1.0, 1.0, 1.0, 1.0, ...
dtype: object"
61,57,0.3,755,15,1088,0.06342316099562871,0.0,0.11600457532232686,0.09370154171280479,0.059809245439318516,"0    [1.0, 1.0, 1.0, 2.0, 2.0, 2.0, 2.0, 2.0, 2.0, ...
1                                                   []
2    [0.0, 0.0, 1.0, 1.0, 2.0, 2.0, 2.0, 2.0, 2.0, ...
dtype: object","0    [0.0, 1.0, 2.0, 2.0, 3.0, 4.0, 5.0, 6.0, 7.0, ...
1                                                   []
2    [1.0, 2.0, 2.0, 3.0, 3.0, 4.0, 5.0, 6.0, 7.0, ...
dtype: object","0    [0.0, 0.0013245033112582781, 0.002649006622516...
1                                                   []
2    [0.0009191176470588235, 0.001838235294117647, ...
dtype: object","0    [0.0, 0.5, 0.6666666666666666, 0.5, 0.6, 0.666...
1                                                   []
2    [1.0, 1.0, 0.6666666666666666, 0.75, 0.6, 0.66...
dtype: object"
62,63,0.3,755,15,1088,0.05489558508144281,0.0,0.10343347721610888,0.08287502150033141,0.05277635409918389,"0    [1.0, 1.0, 1.0, 1.0, 1.0, 2.0, 2.0, 2.0, 3.0, ...
1                                                   []
2    [0.0, 0.0, 0.0, 1.0, 1.0, 1.0, 1.0, 1.0, 1.0, ...
dtype: object","0    [0.0, 1.0, 2.0, 3.0, 4.0, 4.0, 5.0, 6.0, 6.0, ...
1                                                   []
2    [1.0, 2.0, 3.0, 3.0, 4.0, 5.0, 6.0, 7.0, 8.0, ...
dtype: object","0    [0.0, 0.0013245033112582781, 0.002649006622516...
1                                                   []
2    [0.0009191176470588235, 0.001838235294117647, ...
dtype: object","0    [0.0, 0.5, 0.6666666666666666, 0.75, 0.8, 0.66...
1                                                   []
2    [1.0, 1.0, 1.0, 0.75, 0.8, 0.8333333333333334,...
dtype: object"
63,41,0.3,755,15,1088,0.048274139789393516,0.0,0.10372836851871721,0.0803570723839378,0.050667502769370244,"0    [0.0, 0.0, 0.0, 0.0, 0.0, 1.0, 2.0, 2.0, 2.0, ...
1                                                   []
2    [0.0, 0.0, 0.0, 0.0, 0.0, 0.0, 0.0, 0.0, 1.0, ...
dtype: object","0    [1.0, 2.0, 3.0, 4.0, 5.0, 5.0, 5.0, 6.0, 7.0, ...
1                                                   []
2    [1.0, 2.0, 3.0, 4.0, 5.0, 6.0, 7.0, 8.0, 8.0, ...
dtype: object","0    [0.0013245033112582781, 0.0026490066225165563,...
1                                                   []
2    [0.0009191176470588235, 0.001838235294117647, ...
dtype: object","0    [1.0, 1.0, 1.0, 1.0, 1.0, 0.8333333333333334, ...
1                                                   []
2    [1.0, 1.0, 1.0, 1.0, 1.0, 1.0, 1.0, 1.0, 0.888...
dtype: object"
64,35,0.3,755,15,1088,0.06947708417468154,0.0,0.12906344768899403,0.10380851971878904,0.06618017728789186,"0    [1.0, 1.0, 1.0, 1.0, 1.0, 2.0, 3.0, 4.0, 4.0, ...
1                                                   []
2    [0.0, 0.0, 0.0, 0.0, 0.0, 0.0, 0.0, 0.0, 1.0, ...
dtype: object","0    [0.0, 1.0, 2.0, 3.0, 4.0, 4.0, 4.0, 4.0, 5.0, ...
1                                                   []
2    [1.0, 2.0, 3.0, 4.0, 5.0, 6.0, 7.0, 8.0, 8.0, ...
dtype: object","0    [0.0, 0.0013245033112582781, 0.002649006622516...
1                                                   []
2    [0.0009191176470588235, 0.001838235294117647, ...
dtype: object","0    [0.0, 0.5, 0.6666666666666666, 0.75, 0.8, 0.66...
1                                                   []
2    [1.0, 1.0, 1.0, 1.0, 1.0, 1.0, 1.0, 1.0, 0.888...
dtype: object"
65,17,0.3,755,15,1088,0.06304891116450659,0.0,0.11013260022504563,0.09011097791929608,0.057727170463184076,"0    [1.0, 1.0, 1.0, 1.0, 2.0, 2.0, 2.0, 2.0, 2.0, ...
1                                                   []
2    [0.0, 0.0, 0.0, 0.0, 0.0, 0.0, 0.0, 0.0, 0.0, ...
dtype: object","0    [0.0, 1.0, 2.0, 3.0, 3.0, 4.0, 5.0, 6.0, 7.0, ...
1                                                   []
2    [1.0, 2.0, 3.0, 4.0, 5.0, 6.0, 7.0, 8.0, 9.0, ...
dtype: object","0    [0.0, 0.0013245033112582781, 0.002649006622516...
1                                                   []
2    [0.0009191176470588235, 0.001838235294117647, ...
dtype: object","0    [0.0, 0.5, 0.6666666666666666, 0.75, 0.6, 0.66...
1                                                   []
2    [1.0, 1.0, 1.0, 1.0, 1.0, 1.0, 1.0, 1.0, 1.0, ...
dtype: object"
66,1,0.3,755,15,1088,0.13222508068445146,0.0,0.08963737947410624,0.10621927060526828,0.0739541533861859,"0    [0.0, 0.0, 0.0, 0.0, 0.0, 0.0, 1.0, 2.0, 2.0, ...
1                  [1.0, 2.0, 3.0, 4.0, 5.0, 6.0, 7.0]
2    [0.0, 0.0, 0.0, 1.0, 1.0, 1.0, 1.0, 1.0, 1.0, ...
dtype: object","0    [1.0, 2.0, 3.0, 4.0, 5.0, 6.0, 6.0, 6.0, 7.0, ...
1                  [0.0, 0.0, 0.0, 0.0, 0.0, 0.0, 0.0]
2    [1.0, 2.0, 3.0, 3.0, 4.0, 5.0, 6.0, 7.0, 8.0, ...
dtype: object","0    [0.0013245033112582781, 0.0026490066225165563,...
1                  [0.0, 0.0, 0.0, 0.0, 0.0, 0.0, 0.0]
2    [0.0009191176470588235, 0.001838235294117647, ...
dtype: object","0    [1.0, 1.0, 1.0, 1.0, 1.0, 1.0, 0.8571428571428...
1                  [0.0, 0.0, 0.0, 0.0, 0.0, 0.0, 0.0]
2    [1.0, 1.0, 1.0, 0.75, 0.8, 0.8333333333333334,...
dtype: object"
67,13,0.3,755,15,1088,0.06493310498716447,0.0,0.10370687552830862,0.08711387235743216,0.05621332683849103,"0    [0.0, 1.0, 2.0, 2.0, 2.0, 2.0, 2.0, 3.0, 3.0, ...
1                                                   []
2    [0.0, 0.0, 1.0, 1.0, 2.0, 2.0, 2.0, 3.0, 3.0, ...
dtype: object","0    [1.0, 1.0, 1.0, 2.0, 3.0, 4.0, 5.0, 5.0, 6.0, ...
1                                                   []
2    [1.0, 2.0, 2.0, 3.0, 3.0, 4.0, 5.0, 5.0, 6.0, ...
dtype: object","0    [0.0013245033112582781, 0.0013245033112582781,...
1                                                   []
2    [0.0009191176470588235, 0.001838235294117647, ...
dtype: object","0    [1.0, 0.5, 0.3333333333333333, 0.5, 0.6, 0.666...
1                                                   []
2    [1.0, 1.0, 0.6666666666666666, 0.75, 0.6, 0.66...
dtype: object"
68,38,0.3,755,15,1088,0.05664768593491531,0.0,0.12250560427564713,0.0947551670251696,0.059717763403520814,"0    [1.0, 1.0, 1.0, 1.0, 2.0, 2.0, 2.0, 2.0, 2.0, ...
1                                                   []
2    [0.0, 1.0, 1.0, 1.0, 1.0, 1.0, 2.0, 2.0, 2.0, ...
dtype: object","0    [0.0, 1.0, 2.0, 3.0, 3.0, 4.0, 5.0, 6.0, 7.0, ...
1                                                   []
2    [1.0, 1.0, 2.0, 3.0, 4.0, 5.0, 5.0, 6.0, 7.0, ...
dtype: object","0    [0.0, 0.0013245033112582781, 0.002649006622516...
1                                                   []
2    [0.0009191176470588235, 0.0009191176470588235,...
dtype: object","0    [0.0, 0.5, 0.6666666666666666, 0.75, 0.6, 0.66...
1                                                   []
2    [1.0, 0.5, 0.6666666666666666, 0.75, 0.8, 0.83...
dtype: object"
69,34,0.3,755,15,1088,0.05791652293585295,0.0,0.11239513510628767,0.089350313138972,0.056770552680713536,"0    [0.0, 0.0, 1.0, 1.0, 1.0, 2.0, 2.0, 2.0, 2.0, ...
1                                                   []
2    [0.0, 0.0, 0.0, 1.0, 1.0, 2.0, 2.0, 2.0, 2.0, ...
dtype: object","0    [1.0, 2.0, 2.0, 3.0, 4.0, 4.0, 5.0, 6.0, 7.0, ...
1                                                   []
2    [1.0, 2.0, 3.0, 3.0, 4.0, 4.0, 5.0, 6.0, 7.0, ...
dtype: object","0    [0.0013245033112582781, 0.0026490066225165563,...
1                                                   []
2    [0.0009191176470588235, 0.001838235294117647, ...
dtype: object","0    [1.0, 1.0, 0.6666666666666666, 0.75, 0.8, 0.66...
1                                                   []
2    [1.0, 1.0, 1.0, 0.75, 0.8, 0.6666666666666666,...
dtype: object"
